{
  "id": "banner-monochrome-0558",
  "request": {
    "presetId": "banner",
    "themeId": "monochrome",
    "seed": 547724723,
    "patternIntensity": 0.7942857746008252,
    "circuitIntensity": 0.7504949573196913,
    "accentIntensity": 0.3122568131947223
  },
  "metadata": {
    "generatedAt": "2026-02-05T07:22:29.524Z",
    "seed": 547724723,
    "variationSeed": 4566284
  },
  "layerOverrides": {
    "mark": {
      "scale": 1.332561970144772,
      "strokeWidth": 36.02526189341455,
      "glow": 0.7743644717961384
    },
    "pattern": {
      "density": 0.6232463838175155,
      "tileSize": 80.07388117260946,
      "strokeWidth": 1.737843037228027
    },
    "circuit": {
      "density": 0.6214051249071049,
      "nodeRadius": 3.6130733497501692,
      "lineWidth": 2.474554062809122
    }
  }
}