{
  "id": "banner-emerald-0011",
  "request": {
    "presetId": "banner",
    "themeId": "emerald",
    "seed": 823137610,
    "patternIntensity": 0.6377310755838319,
    "circuitIntensity": 0.7893042568067574,
    "accentIntensity": 0.9240622524749778
  },
  "metadata": {
    "generatedAt": "2026-02-05T07:21:58.665Z",
    "seed": 823137610,
    "variationSeed": 205732
  },
  "layerOverrides": {
    "mark": {
      "scale": 1.190510034882701,
      "strokeWidth": 18.91167402915269,
      "glow": 0.6665264132742428
    },
    "pattern": {
      "density": 0.751196480007468,
      "tileSize": 116.00488189887483,
      "strokeWidth": 2.601072073961176
    },
    "circuit": {
      "density": 0.34647660266909597,
      "nodeRadius": 4.181458474221387,
      "lineWidth": 1.6722669606899223
    }
  }
}