{
  "id": "banner-emerald-0894",
  "request": {
    "presetId": "banner",
    "themeId": "emerald",
    "seed": 598335712,
    "patternIntensity": 0.08689987663500937,
    "circuitIntensity": 0.6107031407815885,
    "accentIntensity": 0.7080512050111085
  },
  "metadata": {
    "generatedAt": "2026-02-05T07:22:30.701Z",
    "seed": 598335712,
    "variationSeed": 7227068
  },
  "layerOverrides": {
    "mark": {
      "scale": 1.4098131660883375,
      "strokeWidth": 32.380568993920726,
      "glow": 0.04437675478140673
    },
    "pattern": {
      "density": 1.2031648997697815,
      "tileSize": 88.55651738986211,
      "strokeWidth": 1.7147459393435838
    },
    "circuit": {
      "density": 0.7281211021487235,
      "nodeRadius": 7.181886913805217,
      "lineWidth": 0.6957681179958247
    }
  }
}