{
  "id": "banner-gold-0259",
  "request": {
    "presetId": "banner",
    "themeId": "gold",
    "seed": 39185285,
    "patternIntensity": 0.004234105350558695,
    "circuitIntensity": 0.8011075820778998,
    "accentIntensity": 0.2963962556311843
  },
  "metadata": {
    "generatedAt": "2026-02-05T07:22:28.453Z",
    "seed": 39185285,
    "variationSeed": 2198503
  },
  "layerOverrides": {
    "mark": {
      "scale": 1.2464408877987605,
      "strokeWidth": 43.81117822547032,
      "glow": 0.05822448733180039
    },
    "pattern": {
      "density": 1.1595543269345323,
      "tileSize": 92.72123697340547,
      "strokeWidth": 1.6994692688805373
    },
    "circuit": {
      "density": 0.3806515337343568,
      "nodeRadius": 4.265271426302041,
      "lineWidth": 1.1077296736686164
    }
  }
}