{
  "id": "banner-monochrome-0248",
  "request": {
    "presetId": "banner",
    "themeId": "monochrome",
    "seed": 47599434,
    "patternIntensity": 0.013234287506544165,
    "circuitIntensity": 0.013389643287933265,
    "accentIntensity": 0.48647157125476354
  },
  "metadata": {
    "generatedAt": "2026-02-05T07:21:59.448Z",
    "seed": 47599434,
    "variationSeed": 2082535
  },
  "layerOverrides": {
    "mark": {
      "scale": 1.8331410295018653,
      "strokeWidth": 8.15773785261332,
      "glow": 0.06133282187456862
    },
    "pattern": {
      "density": 1.388915706187913,
      "tileSize": 40.40660620220313,
      "strokeWidth": 2.097101167588076
    },
    "circuit": {
      "density": 0.21761759525054025,
      "nodeRadius": 2.675216615514465,
      "lineWidth": 2.0168601281553786
    }
  }
}