{
  "id": "banner-emerald-0794",
  "request": {
    "presetId": "banner",
    "themeId": "emerald",
    "seed": 982506364,
    "patternIntensity": 0.6279437544885761,
    "circuitIntensity": 0.7580087188435759,
    "accentIntensity": 0.6972968581585665
  },
  "metadata": {
    "generatedAt": "2026-02-05T07:22:30.359Z",
    "seed": 982506364,
    "variationSeed": 6435168
  },
  "layerOverrides": {
    "mark": {
      "scale": 1.865405679384901,
      "strokeWidth": 23.27587486164452,
      "glow": 0.7314832690784164
    },
    "pattern": {
      "density": 0.4718865395392694,
      "tileSize": 82.76697191072952,
      "strokeWidth": 1.5795071726103813
    },
    "circuit": {
      "density": 0.5221549393712334,
      "nodeRadius": 5.6966884153414,
      "lineWidth": 1.3148548606852324
    }
  }
}