{
  "id": "banner-sapphire-0402",
  "request": {
    "presetId": "banner",
    "themeId": "sapphire",
    "seed": 855430244,
    "patternIntensity": 0.8324176076950588,
    "circuitIntensity": 0.8701826338051738,
    "accentIntensity": 0.8911114935256129
  },
  "metadata": {
    "generatedAt": "2026-02-05T07:21:59.932Z",
    "seed": 855430244,
    "variationSeed": 3302061
  },
  "layerOverrides": {
    "mark": {
      "scale": 1.4634918575005103,
      "strokeWidth": 10.702553394112062,
      "glow": 0.318205762057661
    },
    "pattern": {
      "density": 1.0709421161426893,
      "tileSize": 103.4899092062795,
      "strokeWidth": 1.1953322890658549
    },
    "circuit": {
      "density": 0.3709351064036298,
      "nodeRadius": 2.7104234698742737,
      "lineWidth": 1.5156775121650088
    }
  }
}