{
  "id": "banner-emerald-0107",
  "request": {
    "presetId": "banner",
    "themeId": "emerald",
    "seed": 505611806,
    "patternIntensity": 0.19560074815321749,
    "circuitIntensity": 0.41997459550386973,
    "accentIntensity": 0.43542444726239166
  },
  "metadata": {
    "generatedAt": "2026-02-05T07:21:59.001Z",
    "seed": 505611806,
    "variationSeed": 965956
  },
  "layerOverrides": {
    "mark": {
      "scale": 1.0640065076593341,
      "strokeWidth": 25.74410260689636,
      "glow": 0.2647995950024573
    },
    "pattern": {
      "density": 0.6284564496616164,
      "tileSize": 71.35452391642822,
      "strokeWidth": 1.6179319029291774
    },
    "circuit": {
      "density": 0.7103318098049294,
      "nodeRadius": 6.410482170251423,
      "lineWidth": 0.6355917454397267
    }
  }
}