{
  "id": "banner-gold-0347",
  "request": {
    "presetId": "banner",
    "themeId": "gold",
    "seed": 99114358,
    "patternIntensity": 0.5205423536340438,
    "circuitIntensity": 0.6358660462479415,
    "accentIntensity": 0.4857352974292521
  },
  "metadata": {
    "generatedAt": "2026-02-05T07:21:59.761Z",
    "seed": 99114358,
    "variationSeed": 2866516
  },
  "layerOverrides": {
    "mark": {
      "scale": 1.2472890022896643,
      "strokeWidth": 6.904641986780168,
      "glow": 0.22578728209519167
    },
    "pattern": {
      "density": 1.2047101025025873,
      "tileSize": 116.41697649211481,
      "strokeWidth": 1.0958122017773857
    },
    "circuit": {
      "density": 0.10341849029223366,
      "nodeRadius": 3.290957548325396,
      "lineWidth": 0.6871853471673957
    }
  }
}