{
  "id": "banner-monochrome-0705",
  "request": {
    "presetId": "banner",
    "themeId": "monochrome",
    "seed": 827793836,
    "patternIntensity": 0.3981130124992286,
    "circuitIntensity": 0.321203947216833,
    "accentIntensity": 0.34290099159949505
  },
  "metadata": {
    "generatedAt": "2026-02-05T07:22:30.022Z",
    "seed": 827793836,
    "variationSeed": 5730377
  },
  "layerOverrides": {
    "mark": {
      "scale": 1.3691912893528078,
      "strokeWidth": 10.261753799981323,
      "glow": 0.3735555888961794
    },
    "pattern": {
      "density": 1.2149014954058925,
      "tileSize": 73.76786830079178,
      "strokeWidth": 2.6829369674357295
    },
    "circuit": {
      "density": 0.46894944923415294,
      "nodeRadius": 2.6399028304218795,
      "lineWidth": 1.2868016365854076
    }
  }
}