{
  "id": "banner-sapphire-0582",
  "request": {
    "presetId": "banner",
    "themeId": "sapphire",
    "seed": 49318909,
    "patternIntensity": 0.6601296964381494,
    "circuitIntensity": 0.3575086595292709,
    "accentIntensity": 0.8263597492251358
  },
  "metadata": {
    "generatedAt": "2026-02-05T07:22:29.613Z",
    "seed": 49318909,
    "variationSeed": 4756340
  },
  "layerOverrides": {
    "mark": {
      "scale": 1.5495247845768578,
      "strokeWidth": 12.397961619961057,
      "glow": 0.013344597822681348
    },
    "pattern": {
      "density": 1.3933049400771527,
      "tileSize": 48.53593111901355,
      "strokeWidth": 2.1826922454324977
    },
    "circuit": {
      "density": 0.6917469385041609,
      "nodeRadius": 7.2915313268506585,
      "lineWidth": 1.7852280145907906
    }
  }
}