{
  "id": "banner-gold-0887",
  "request": {
    "presetId": "banner",
    "themeId": "gold",
    "seed": 295939802,
    "patternIntensity": 0.34905803219837045,
    "circuitIntensity": 0.7412399057025276,
    "accentIntensity": 0.7642105821353433
  },
  "metadata": {
    "generatedAt": "2026-02-05T07:22:30.680Z",
    "seed": 295939802,
    "variationSeed": 7171635
  },
  "layerOverrides": {
    "mark": {
      "scale": 1.0759716632664071,
      "strokeWidth": 14.195722941866016,
      "glow": 0.5408053639069225
    },
    "pattern": {
      "density": 0.5567484856847433,
      "tileSize": 116.38886962383467,
      "strokeWidth": 0.6063147187728037
    },
    "circuit": {
      "density": 0.20613671248133142,
      "nodeRadius": 4.766815544463142,
      "lineWidth": 2.4987732181319844
    }
  }
}