{
  "id": "banner-emerald-0945",
  "request": {
    "presetId": "banner",
    "themeId": "emerald",
    "seed": 195930629,
    "patternIntensity": 0.1328573823593824,
    "circuitIntensity": 0.7761076394357288,
    "accentIntensity": 0.4794816973057956
  },
  "metadata": {
    "generatedAt": "2026-02-05T07:22:30.878Z",
    "seed": 195930629,
    "variationSeed": 7630937
  },
  "layerOverrides": {
    "mark": {
      "scale": 1.1435570719854706,
      "strokeWidth": 23.98510456969268,
      "glow": 0.5479026796984965
    },
    "pattern": {
      "density": 0.8131496431832899,
      "tileSize": 56.65411950398894,
      "strokeWidth": 1.916876316730341
    },
    "circuit": {
      "density": 0.11772737503877254,
      "nodeRadius": 5.428678670632038,
      "lineWidth": 1.662315369193589
    }
  }
}