{
  "id": "banner-monochrome-0064",
  "request": {
    "presetId": "banner",
    "themeId": "monochrome",
    "seed": 530561923,
    "patternIntensity": 0.5292534830650564,
    "circuitIntensity": 0.7596802715024353,
    "accentIntensity": 0.5383095743778672
  },
  "metadata": {
    "generatedAt": "2026-02-05T07:22:27.711Z",
    "seed": 530561923,
    "variationSeed": 654298
  },
  "layerOverrides": {
    "mark": {
      "scale": 1.3682382110824056,
      "strokeWidth": 28.244431029653377,
      "glow": 0.4556324007248657
    },
    "pattern": {
      "density": 0.42256450658783523,
      "tileSize": 78.94533904685888,
      "strokeWidth": 2.8542162786956022
    },
    "circuit": {
      "density": 0.7602490070556519,
      "nodeRadius": 6.6521427653041405,
      "lineWidth": 0.8463466169062753
    }
  }
}