{
  "id": "logo-gold-0423",
  "request": {
    "presetId": "logo",
    "themeId": "gold",
    "seed": 405769824,
    "patternIntensity": 0.8282818798107476,
    "circuitIntensity": 0.10279893879909019,
    "accentIntensity": 0.08179906014436812
  },
  "metadata": {
    "generatedAt": "2026-02-05T07:22:29.057Z",
    "seed": 405769824,
    "variationSeed": 3497219
  },
  "layerOverrides": {
    "mark": {
      "scale": 1.7809313839678333,
      "strokeWidth": 30.477091085853562,
      "glow": 0.7715822223441593
    },
    "pattern": {
      "density": 1.3969130521160145,
      "tileSize": 96.43829587215478,
      "strokeWidth": 1.1278783085885822
    },
    "circuit": {
      "density": 0.158711791065853,
      "nodeRadius": 5.190780343111037,
      "lineWidth": 1.9765884883127123
    }
  }
}