{
  "id": "logo-sapphire-0391",
  "request": {
    "presetId": "logo",
    "themeId": "sapphire",
    "seed": 56264638,
    "patternIntensity": 0.7814109627070888,
    "circuitIntensity": 0.5558654072488963,
    "accentIntensity": 0.7816568616692242
  },
  "metadata": {
    "generatedAt": "2026-02-05T07:21:59.909Z",
    "seed": 56264638,
    "variationSeed": 3214952
  },
  "layerOverrides": {
    "mark": {
      "scale": 1.7137777214934016,
      "strokeWidth": 7.568724752668629,
      "glow": 0.32815945163749133
    },
    "pattern": {
      "density": 1.356280518069994,
      "tileSize": 70.79687120430026,
      "strokeWidth": 0.813425064232864
    },
    "circuit": {
      "density": 0.4878072949069586,
      "nodeRadius": 5.023685695148858,
      "lineWidth": 1.5438191895577216
    }
  }
}