{
  "id": "logo-monochrome-0790",
  "request": {
    "presetId": "logo",
    "themeId": "monochrome",
    "seed": 711102485,
    "patternIntensity": 0.6796102526968393,
    "circuitIntensity": 0.16004276283087338,
    "accentIntensity": 0.5535536112978838
  },
  "metadata": {
    "generatedAt": "2026-02-05T07:22:30.342Z",
    "seed": 711102485,
    "variationSeed": 6403492
  },
  "layerOverrides": {
    "mark": {
      "scale": 1.5613599424536155,
      "strokeWidth": 31.535024059254223,
      "glow": 0.6612208369473094
    },
    "pattern": {
      "density": 1.4148626809543292,
      "tileSize": 55.634397280232236,
      "strokeWidth": 1.3875200156529992
    },
    "circuit": {
      "density": 0.6767083766761741,
      "nodeRadius": 7.0144112133488115,
      "lineWidth": 0.5175559520803187
    }
  }
}