{
  "id": "logo-monochrome-0384",
  "request": {
    "presetId": "logo",
    "themeId": "monochrome",
    "seed": 641185760,
    "patternIntensity": 0.5865192416061271,
    "circuitIntensity": 0.2968139649819648,
    "accentIntensity": 0.13397789007703675
  },
  "metadata": {
    "generatedAt": "2026-02-05T07:21:59.887Z",
    "seed": 641185760,
    "variationSeed": 3159519
  },
  "layerOverrides": {
    "mark": {
      "scale": 0.6861553640040361,
      "strokeWidth": 5.6398436430095895,
      "glow": 0.6070913049425424
    },
    "pattern": {
      "density": 0.5986219884355655,
      "tileSize": 43.306192165848884,
      "strokeWidth": 1.641021028692378
    },
    "circuit": {
      "density": 0.6435656788496141,
      "nodeRadius": 3.6286416061355924,
      "lineWidth": 1.2250151637592424
    }
  }
}