{
  "id": "logo-sapphire-0031",
  "request": {
    "presetId": "logo",
    "themeId": "sapphire",
    "seed": 278693675,
    "patternIntensity": 0.1454386711797857,
    "circuitIntensity": 0.7847056690532275,
    "accentIntensity": 0.2349346877238409
  },
  "metadata": {
    "generatedAt": "2026-02-05T07:21:58.732Z",
    "seed": 278693675,
    "variationSeed": 364112
  },
  "layerOverrides": {
    "mark": {
      "scale": 1.0427809807205484,
      "strokeWidth": 9.26807046135332,
      "glow": 0.1536821604490663
    },
    "pattern": {
      "density": 0.9916702512147233,
      "tileSize": 117.97568325324714,
      "strokeWidth": 0.6122879982517511
    },
    "circuit": {
      "density": 0.19622318451116944,
      "nodeRadius": 6.980700137550338,
      "lineWidth": 1.833674908305367
    }
  }
}