{
  "id": "logo-emerald-0008",
  "request": {
    "presetId": "logo",
    "themeId": "emerald",
    "seed": 315541535,
    "patternIntensity": 0.9828850035475963,
    "circuitIntensity": 0.9915876393167244,
    "accentIntensity": 0.23003101359588607
  },
  "metadata": {
    "generatedAt": "2026-02-05T07:22:27.532Z",
    "seed": 315541535,
    "variationSeed": 210834
  },
  "layerOverrides": {
    "mark": {
      "scale": 0.8114953489562009,
      "strokeWidth": 39.7911450428847,
      "glow": 0.1413648606004961
    },
    "pattern": {
      "density": 0.7609643342257311,
      "tileSize": 118.68774537401634,
      "strokeWidth": 1.5925638680777343
    },
    "circuit": {
      "density": 0.5195893766449715,
      "nodeRadius": 4.161414147429827,
      "lineWidth": 2.278950692051533
    }
  }
}