{
  "id": "logo-sapphire-0972",
  "request": {
    "presetId": "logo",
    "themeId": "sapphire",
    "seed": 179248452,
    "patternIntensity": 0.6305553021983036,
    "circuitIntensity": 0.46739578268835125,
    "accentIntensity": 0.4051303865411926
  },
  "metadata": {
    "generatedAt": "2026-02-05T07:22:31.023Z",
    "seed": 179248452,
    "variationSeed": 7844750
  },
  "layerOverrides": {
    "mark": {
      "scale": 1.3291587833450915,
      "strokeWidth": 5.6268215182362225,
      "glow": 0.7279266569427805
    },
    "pattern": {
      "density": 0.9062885287247078,
      "tileSize": 60.359430327247566,
      "strokeWidth": 2.7231364260535393
    },
    "circuit": {
      "density": 0.5823054315905578,
      "nodeRadius": 2.5027103426413193,
      "lineWidth": 2.0551930077165332
    }
  }
}