{
  "id": "logo-sapphire-0152",
  "request": {
    "presetId": "logo",
    "themeId": "sapphire",
    "seed": 226569890,
    "patternIntensity": 0.7499568763887309,
    "circuitIntensity": 0.8021746877591008,
    "accentIntensity": 0.683079362233672
  },
  "metadata": {
    "generatedAt": "2026-02-05T07:22:28.054Z",
    "seed": 226569890,
    "variationSeed": 1351170
  },
  "layerOverrides": {
    "mark": {
      "scale": 1.128094852263152,
      "strokeWidth": 33.66992296123408,
      "glow": 0.2838250161538948
    },
    "pattern": {
      "density": 0.43852686888469705,
      "tileSize": 88.89016541600701,
      "strokeWidth": 1.802068234096313
    },
    "circuit": {
      "density": 0.2922026635111322,
      "nodeRadius": 2.1318073273318854,
      "lineWidth": 0.8485813664032991
    }
  }
}