{
  "id": "logo-monochrome-0577",
  "request": {
    "presetId": "logo",
    "themeId": "monochrome",
    "seed": 879088401,
    "patternIntensity": 0.08284854892773952,
    "circuitIntensity": 0.7253217998544321,
    "accentIntensity": 0.29749333872343103
  },
  "metadata": {
    "generatedAt": "2026-02-05T07:22:29.586Z",
    "seed": 879088401,
    "variationSeed": 4716745
  },
  "layerOverrides": {
    "mark": {
      "scale": 1.1215842369113043,
      "strokeWidth": 39.91744221882776,
      "glow": 0.3011641503782776
    },
    "pattern": {
      "density": 1.2527233605052919,
      "tileSize": 97.17426183967585,
      "strokeWidth": 1.5329470043224036
    },
    "circuit": {
      "density": 0.38450042022601727,
      "nodeRadius": 6.989649059711793,
      "lineWidth": 1.1759698394108424
    }
  }
}