{
  "id": "logo-gold-0495",
  "request": {
    "presetId": "logo",
    "themeId": "gold",
    "seed": 361284017,
    "patternIntensity": 0.15547633178321474,
    "circuitIntensity": 0.2795675100197864,
    "accentIntensity": 0.16987049587530573
  },
  "metadata": {
    "generatedAt": "2026-02-05T07:22:29.278Z",
    "seed": 361284017,
    "variationSeed": 4067387
  },
  "layerOverrides": {
    "mark": {
      "scale": 1.6802372788918378,
      "strokeWidth": 31.039593231882712,
      "glow": 0.11734809880952729
    },
    "pattern": {
      "density": 1.4216749554135255,
      "tileSize": 109.28540114280088,
      "strokeWidth": 1.785549104812345
    },
    "circuit": {
      "density": 0.7148637893678919,
      "nodeRadius": 4.999870540108471,
      "lineWidth": 0.6648633480839726
    }
  }
}