{
  "id": "logo-sapphire-0336",
  "request": {
    "presetId": "logo",
    "themeId": "sapphire",
    "seed": 856290220,
    "patternIntensity": 0.2544020415537069,
    "circuitIntensity": 0.08291661743210471,
    "accentIntensity": 0.3575581611867799
  },
  "metadata": {
    "generatedAt": "2026-02-05T07:21:59.730Z",
    "seed": 856290220,
    "variationSeed": 2779407
  },
  "layerOverrides": {
    "mark": {
      "scale": 1.4900723700365388,
      "strokeWidth": 19.39542651846792,
      "glow": 0.6046148302986356
    },
    "pattern": {
      "density": 1.3154202465971094,
      "tileSize": 95.98412278386957,
      "strokeWidth": 2.056820274124304
    },
    "circuit": {
      "density": 0.21795513635406044,
      "nodeRadius": 7.41843289389202,
      "lineWidth": 1.0450022223149436
    }
  }
}