{
  "id": "logo-sapphire-0286",
  "request": {
    "presetId": "logo",
    "themeId": "sapphire",
    "seed": 909820198,
    "patternIntensity": 0.8195163015367074,
    "circuitIntensity": 0.8506590131906137,
    "accentIntensity": 0.9153805975408204
  },
  "metadata": {
    "generatedAt": "2026-02-05T07:22:28.534Z",
    "seed": 909820198,
    "variationSeed": 2412316
  },
  "layerOverrides": {
    "mark": {
      "scale": 1.8396934873143647,
      "strokeWidth": 25.706101069555665,
      "glow": 0.25112199795018975
    },
    "pattern": {
      "density": 0.5457826138687238,
      "tileSize": 92.53449353507463,
      "strokeWidth": 2.5048630246915216
    },
    "circuit": {
      "density": 0.33903384219810084,
      "nodeRadius": 2.1174421310971687,
      "lineWidth": 1.8368998101618605
    }
  }
}