{
  "id": "logo-emerald-0564",
  "request": {
    "presetId": "logo",
    "themeId": "emerald",
    "seed": 60440391,
    "patternIntensity": 0.21564817438630768,
    "circuitIntensity": 0.8809008900452875,
    "accentIntensity": 0.04638564588799404
  },
  "metadata": {
    "generatedAt": "2026-02-05T07:22:29.544Z",
    "seed": 60440391,
    "variationSeed": 4613798
  },
  "layerOverrides": {
    "mark": {
      "scale": 1.0441142174155051,
      "strokeWidth": 24.789863834059734,
      "glow": 0.6611558917263318
    },
    "pattern": {
      "density": 1.35275487948803,
      "tileSize": 46.665937908303896,
      "strokeWidth": 1.485367969137322
    },
    "circuit": {
      "density": 0.20399011378362317,
      "nodeRadius": 3.1663998966880142,
      "lineWidth": 1.5541039710185043
    }
  }
}