{
  "id": "logo-monochrome-0237",
  "request": {
    "presetId": "logo",
    "themeId": "monochrome",
    "seed": 586482524,
    "patternIntensity": 0.12215757375683522,
    "circuitIntensity": 0.8701129261730765,
    "accentIntensity": 0.4564350845555007
  },
  "metadata": {
    "generatedAt": "2026-02-05T07:21:59.412Z",
    "seed": 586482524,
    "variationSeed": 1995426
  },
  "layerOverrides": {
    "mark": {
      "scale": 1.8879786140229453,
      "strokeWidth": 22.85200537082367,
      "glow": 0.3796008111814041
    },
    "pattern": {
      "density": 0.8369806769010522,
      "tileSize": 71.61014916450259,
      "strokeWidth": 1.288087547192391
    },
    "circuit": {
      "density": 0.7486212375800225,
      "nodeRadius": 5.145905734573447,
      "lineWidth": 1.106062650962762
    }
  }
}