{
  "id": "logo-sapphire-0989",
  "request": {
    "presetId": "logo",
    "themeId": "sapphire",
    "seed": 378446697,
    "patternIntensity": 0.8712402586225608,
    "circuitIntensity": 0.000044941902181572235,
    "accentIntensity": 0.0741793183023945
  },
  "metadata": {
    "generatedAt": "2026-02-05T07:22:31.101Z",
    "seed": 378446697,
    "variationSeed": 7979373
  },
  "layerOverrides": {
    "mark": {
      "scale": 1.358431250256687,
      "strokeWidth": 35.04667402712939,
      "glow": 0.2674341203027564
    },
    "pattern": {
      "density": 1.2747530941733871,
      "tileSize": 77.27771045979006,
      "strokeWidth": 0.6883465052528057
    },
    "circuit": {
      "density": 0.741808602512725,
      "nodeRadius": 5.558332206475703,
      "lineWidth": 0.7639868260659216
    }
  }
}