{
  "id": "logo-emerald-0343",
  "request": {
    "presetId": "logo",
    "themeId": "emerald",
    "seed": 827710508,
    "patternIntensity": 0.45952594301641264,
    "circuitIntensity": 0.35548436658246646,
    "accentIntensity": 0.7002552750987259
  },
  "metadata": {
    "generatedAt": "2026-02-05T07:21:59.752Z",
    "seed": 827710508,
    "variationSeed": 2834840
  },
  "layerOverrides": {
    "mark": {
      "scale": 0.6549234987026655,
      "strokeWidth": 21.425843991537505,
      "glow": 0.05711803438939063
    },
    "pattern": {
      "density": 0.42567075496803536,
      "tileSize": 51.998679052106425,
      "strokeWidth": 1.4043823186794215
    },
    "circuit": {
      "density": 0.2418127835457273,
      "nodeRadius": 2.9062288407731005,
      "lineWidth": 0.7620499135283986
    }
  }
}