{
  "id": "logo-sapphire-0425",
  "request": {
    "presetId": "logo",
    "themeId": "sapphire",
    "seed": 11002779,
    "patternIntensity": 0.37154987099186976,
    "circuitIntensity": 0.7263910773798782,
    "accentIntensity": 0.34740948693240503
  },
  "metadata": {
    "generatedAt": "2026-02-05T07:22:00.010Z",
    "seed": 11002779,
    "variationSeed": 3484198
  },
  "layerOverrides": {
    "mark": {
      "scale": 1.8635324246080278,
      "strokeWidth": 17.183290725659248,
      "glow": 0.6892763141027076
    },
    "pattern": {
      "density": 0.7133345605867609,
      "tileSize": 111.03569272953817,
      "strokeWidth": 2.0150052316091047
    },
    "circuit": {
      "density": 0.39593484415483426,
      "nodeRadius": 4.5670771610769805,
      "lineWidth": 2.1735577591106097
    }
  }
}