{
  "id": "logo-sapphire-0437",
  "request": {
    "presetId": "logo",
    "themeId": "sapphire",
    "seed": 235927343,
    "patternIntensity": 0.11952856188618045,
    "circuitIntensity": 0.19291037330073788,
    "accentIntensity": 0.7568812075801572
  },
  "metadata": {
    "generatedAt": "2026-02-05T07:22:29.100Z",
    "seed": 235927343,
    "variationSeed": 3608085
  },
  "layerOverrides": {
    "mark": {
      "scale": 1.7446767693593526,
      "strokeWidth": 33.37423623929463,
      "glow": 0.5460061075845762
    },
    "pattern": {
      "density": 0.45318217284659956,
      "tileSize": 38.98047835052967,
      "strokeWidth": 0.5718809664584142
    },
    "circuit": {
      "density": 0.7370758897797558,
      "nodeRadius": 7.7131452587028715,
      "lineWidth": 2.147446633152406
    }
  }
}