{
  "id": "logo-emerald-0272",
  "request": {
    "presetId": "logo",
    "themeId": "emerald",
    "seed": 523321181,
    "patternIntensity": 0.8560861353092297,
    "circuitIntensity": 0.9069613222530863,
    "accentIntensity": 0.2655891181275198
  },
  "metadata": {
    "generatedAt": "2026-02-05T07:22:28.493Z",
    "seed": 523321181,
    "variationSeed": 2301450
  },
  "layerOverrides": {
    "mark": {
      "scale": 1.4350293283048223,
      "strokeWidth": 44.780351538108825,
      "glow": 0.5923705103771625
    },
    "pattern": {
      "density": 1.1778538231169124,
      "tileSize": 107.99665335472518,
      "strokeWidth": 1.4955677394734546
    },
    "circuit": {
      "density": 0.7797204140013645,
      "nodeRadius": 2.33374619499489,
      "lineWidth": 1.822046101708918
    }
  }
}