{
  "id": "pattern-emerald-0094",
  "request": {
    "presetId": "pattern",
    "themeId": "emerald",
    "seed": 239768653,
    "patternIntensity": 0.08136802915547417,
    "circuitIntensity": 0.5868638458600565,
    "accentIntensity": 0.344339847725043
  },
  "metadata": {
    "generatedAt": "2026-02-05T07:21:58.966Z",
    "seed": 239768653,
    "variationSeed": 863009
  },
  "layerOverrides": {
    "mark": {
      "scale": 0.8729379178830133,
      "strokeWidth": 8.924973012844553,
      "glow": 0.06881601813659818
    },
    "pattern": {
      "density": 0.7178626300850244,
      "tileSize": 89.99266329221086,
      "strokeWidth": 1.063305616641094
    },
    "circuit": {
      "density": 0.1750748366467072,
      "nodeRadius": 4.716729761435059,
      "lineWidth": 1.4642680887897817
    }
  }
}