{
  "id": "pattern-emerald-0764",
  "request": {
    "presetId": "pattern",
    "themeId": "emerald",
    "seed": 517464905,
    "patternIntensity": 0.49839174770675215,
    "circuitIntensity": 0.32049477115296515,
    "accentIntensity": 0.7453981641425743
  },
  "metadata": {
    "generatedAt": "2026-02-05T07:22:30.240Z",
    "seed": 517464905,
    "variationSeed": 6197598
  },
  "layerOverrides": {
    "mark": {
      "scale": 1.0149728658213153,
      "strokeWidth": 17.91630089884452,
      "glow": 0.4310250284294715
    },
    "pattern": {
      "density": 0.34049448968865653,
      "tileSize": 51.684450219238386,
      "strokeWidth": 1.756411225188715
    },
    "circuit": {
      "density": 0.19499399666441325,
      "nodeRadius": 3.3187071687163354,
      "lineWidth": 1.0638870003465037
    }
  }
}