{
  "id": "pattern-monochrome-0720",
  "request": {
    "presetId": "pattern",
    "themeId": "monochrome",
    "seed": 222265839,
    "patternIntensity": 0.41564193387312903,
    "circuitIntensity": 0.27670192731390797,
    "accentIntensity": 0.9695978169187893
  },
  "metadata": {
    "generatedAt": "2026-02-05T07:22:30.103Z",
    "seed": 222265839,
    "variationSeed": 5849162
  },
  "layerOverrides": {
    "mark": {
      "scale": 1.985550404286734,
      "strokeWidth": 37.48884679399843,
      "glow": 0.763591766712997
    },
    "pattern": {
      "density": 1.3978466039047794,
      "tileSize": 53.719739924985795,
      "strokeWidth": 1.6796879773864932
    },
    "circuit": {
      "density": 0.5992470743596774,
      "nodeRadius": 6.465810777836391,
      "lineWidth": 1.9443264014294028
    }
  }
}