{
  "id": "pattern-sapphire-0795",
  "request": {
    "presetId": "pattern",
    "themeId": "sapphire",
    "seed": 546820759,
    "patternIntensity": 0.692274689996743,
    "circuitIntensity": 0.7833253148865539,
    "accentIntensity": 0.3692203761866411
  },
  "metadata": {
    "generatedAt": "2026-02-05T07:22:30.363Z",
    "seed": 546820759,
    "variationSeed": 6443087
  },
  "layerOverrides": {
    "mark": {
      "scale": 1.5453049545387296,
      "strokeWidth": 49.1115075555218,
      "glow": 0.2628250123294187
    },
    "pattern": {
      "density": 1.1066619876803188,
      "tileSize": 41.45444870528507,
      "strokeWidth": 1.707418516840515
    },
    "circuit": {
      "density": 0.7463414791255918,
      "nodeRadius": 5.075530292035793,
      "lineWidth": 1.880142927812479
    }
  }
}