{
  "id": "pattern-sapphire-0338",
  "request": {
    "presetId": "pattern",
    "themeId": "sapphire",
    "seed": 217357993,
    "patternIntensity": 0.03705874087152013,
    "circuitIntensity": 0.493189633122268,
    "accentIntensity": 0.5729527476117726
  },
  "metadata": {
    "generatedAt": "2026-02-05T07:21:59.733Z",
    "seed": 217357993,
    "variationSeed": 2795245
  },
  "layerOverrides": {
    "mark": {
      "scale": 1.039721250785385,
      "strokeWidth": 35.44416667448551,
      "glow": 0.017276382454334004
    },
    "pattern": {
      "density": 0.6119024591110191,
      "tileSize": 61.62976743263647,
      "strokeWidth": 1.651832342684191
    },
    "circuit": {
      "density": 0.588375330198731,
      "nodeRadius": 7.187890055211209,
      "lineWidth": 0.7145414353416029
    }
  }
}