{
  "id": "pattern-gold-0555",
  "request": {
    "presetId": "pattern",
    "themeId": "gold",
    "seed": 178683996,
    "patternIntensity": 0.8448474709153396,
    "circuitIntensity": 0.4206401111654193,
    "accentIntensity": 0.11338865762268596
  },
  "metadata": {
    "generatedAt": "2026-02-05T07:22:29.516Z",
    "seed": 178683996,
    "variationSeed": 4542527
  },
  "layerOverrides": {
    "mark": {
      "scale": 0.8576881738182568,
      "strokeWidth": 37.425849750836306,
      "glow": 0.09715709690803527
    },
    "pattern": {
      "density": 1.422057474182014,
      "tileSize": 86.21009948486933,
      "strokeWidth": 1.489891589148851
    },
    "circuit": {
      "density": 0.5240258099623145,
      "nodeRadius": 3.277135611175157,
      "lineWidth": 1.2359793785661362
    }
  }
}