{
  "id": "pattern-monochrome-0298",
  "request": {
    "presetId": "pattern",
    "themeId": "monochrome",
    "seed": 385982990,
    "patternIntensity": 0.06800127032585501,
    "circuitIntensity": 0.4490094484989575,
    "accentIntensity": 0.33691775814486563
  },
  "metadata": {
    "generatedAt": "2026-02-05T07:22:28.569Z",
    "seed": 385982990,
    "variationSeed": 2507344
  },
  "layerOverrides": {
    "mark": {
      "scale": 0.8764367701376028,
      "strokeWidth": 32.95929850449753,
      "glow": 0.619585705091984
    },
    "pattern": {
      "density": 0.9520498755630338,
      "tileSize": 78.68268372895321,
      "strokeWidth": 1.5388204460213055
    },
    "circuit": {
      "density": 0.37115532172431953,
      "nodeRadius": 5.825713397853875,
      "lineWidth": 2.3555457600651057
    }
  }
}