{
  "id": "pattern-sapphire-0063",
  "request": {
    "presetId": "pattern",
    "themeId": "sapphire",
    "seed": 210412740,
    "patternIntensity": 0.11285093431959438,
    "circuitIntensity": 0.376181781467135,
    "accentIntensity": 0.5469412210150348
  },
  "metadata": {
    "generatedAt": "2026-02-05T07:21:58.870Z",
    "seed": 210412740,
    "variationSeed": 617520
  },
  "layerOverrides": {
    "mark": {
      "scale": 0.8419362308187113,
      "strokeWidth": 15.517597352395578,
      "glow": 0.42196974773983
    },
    "pattern": {
      "density": 1.1143140796638624,
      "tileSize": 83.15824987979525,
      "strokeWidth": 1.4043848518768254
    },
    "circuit": {
      "density": 0.35995955479329433,
      "nodeRadius": 7.693427088527674,
      "lineWidth": 1.6868791585727032
    }
  }
}