{
  "id": "pattern-sapphire-0857",
  "request": {
    "presetId": "pattern",
    "themeId": "sapphire",
    "seed": 56264162,
    "patternIntensity": 0.5843375029900751,
    "circuitIntensity": 0.4745165111844039,
    "accentIntensity": 0.8523713354265184
  },
  "metadata": {
    "generatedAt": "2026-02-05T07:22:30.576Z",
    "seed": 56264162,
    "variationSeed": 6934065
  },
  "layerOverrides": {
    "mark": {
      "scale": 1.4092611674728157,
      "strokeWidth": 5.765658021329743,
      "glow": 0.41956836898791067
    },
    "pattern": {
      "density": 0.42352194791823716,
      "tileSize": 101.7303076720472,
      "strokeWidth": 1.271816969277252
    },
    "circuit": {
      "density": 0.5341537954444783,
      "nodeRadius": 4.7814378751355395,
      "lineWidth": 1.4344091419756455
    }
  }
}