{
  "id": "social-card-gold-0817",
  "request": {
    "presetId": "social-card",
    "themeId": "gold",
    "seed": 469054460,
    "patternIntensity": 0.9251596931950933,
    "circuitIntensity": 0.02490735055175952,
    "accentIntensity": 0.03363254295365538
  },
  "metadata": {
    "generatedAt": "2026-02-05T07:22:30.428Z",
    "seed": 469054460,
    "variationSeed": 6617305
  },
  "layerOverrides": {
    "mark": {
      "scale": 1.7902988424945152,
      "strokeWidth": 39.06564237273561,
      "glow": 0.5604774477707583
    },
    "pattern": {
      "density": 1.208577347224847,
      "tileSize": 109.3048954379302,
      "strokeWidth": 1.837096691754226
    },
    "circuit": {
      "density": 0.15677900316975035,
      "nodeRadius": 4.267572582823957,
      "lineWidth": 0.875023603613965
    }
  }
}