{
  "id": "social-card-gold-0604",
  "request": {
    "presetId": "social-card",
    "themeId": "gold",
    "seed": 422284245,
    "patternIntensity": 0.622677445701639,
    "circuitIntensity": 0.7294522527276782,
    "accentIntensity": 0.00975191593624275
  },
  "metadata": {
    "generatedAt": "2026-02-05T07:22:29.690Z",
    "seed": 422284245,
    "variationSeed": 4930558
  },
  "layerOverrides": {
    "mark": {
      "scale": 1.847895363973405,
      "strokeWidth": 8.505480887138043,
      "glow": 0.6793221715275768
    },
    "pattern": {
      "density": 0.5971664430094726,
      "tileSize": 60.80102921966511,
      "strokeWidth": 2.4378852853262263
    },
    "circuit": {
      "density": 0.6384035112980769,
      "nodeRadius": 4.591102601304232,
      "lineWidth": 2.0223121650155225
    }
  }
}