{
  "id": "social-card-sapphire-0174",
  "request": {
    "presetId": "social-card",
    "themeId": "sapphire",
    "seed": 512724756,
    "patternIntensity": 0.05308091642944185,
    "circuitIntensity": 0.4711894097138147,
    "accentIntensity": 0.6596238616200275
  },
  "metadata": {
    "generatedAt": "2026-02-05T07:21:59.211Z",
    "seed": 512724756,
    "variationSeed": 1496529
  },
  "layerOverrides": {
    "mark": {
      "scale": 1.8867789513369924,
      "strokeWidth": 20.986298330121812,
      "glow": 0.6256521227889006
    },
    "pattern": {
      "density": 0.36400194171071143,
      "tileSize": 116.58675227620954,
      "strokeWidth": 2.370620549596204
    },
    "circuit": {
      "density": 0.27596839674560747,
      "nodeRadius": 5.056282760135962,
      "lineWidth": 2.2567436703279355
    }
  }
}