{
  "id": "social-card-emerald-0081",
  "request": {
    "presetId": "social-card",
    "themeId": "emerald",
    "seed": 424657106,
    "patternIntensity": 0.8094809059097808,
    "circuitIntensity": 0.7918961051813774,
    "accentIntensity": 0.11685204511361758
  },
  "metadata": {
    "generatedAt": "2026-02-05T07:21:58.923Z",
    "seed": 424657106,
    "variationSeed": 760062
  },
  "layerOverrides": {
    "mark": {
      "scale": 0.6983966083258375,
      "strokeWidth": 42.25745769089901,
      "glow": 0.4036361696215515
    },
    "pattern": {
      "density": 0.30506744385001594,
      "tileSize": 55.43077704749572,
      "strokeWidth": 1.917782307331349
    },
    "circuit": {
      "density": 0.660807895921547,
      "nodeRadius": 4.379644395029007,
      "lineWidth": 0.6235103607752874
    }
  }
}