{
  "id": "social-card-gold-0282",
  "request": {
    "presetId": "social-card",
    "themeId": "gold",
    "seed": 201830863,
    "patternIntensity": 0.283261329067527,
    "circuitIntensity": 0.7994254831222005,
    "accentIntensity": 0.45604789278285945
  },
  "metadata": {
    "generatedAt": "2026-02-05T07:22:28.521Z",
    "seed": 201830863,
    "variationSeed": 2380640
  },
  "layerOverrides": {
    "mark": {
      "scale": 1.8525047904590632,
      "strokeWidth": 20.363344557286865,
      "glow": 0.7157229426855795
    },
    "pattern": {
      "density": 1.0230272773294837,
      "tileSize": 113.42977885316581,
      "strokeWidth": 0.7382227779544065
    },
    "circuit": {
      "density": 0.675830540329139,
      "nodeRadius": 4.519120694379844,
      "lineWidth": 1.4828972821044257
    }
  }
}