{
  "id": "social-card-gold-0902",
  "request": {
    "presetId": "social-card",
    "themeId": "gold",
    "seed": 690411805,
    "patternIntensity": 0.3665869237699485,
    "circuitIntensity": 0.8094208244278193,
    "accentIntensity": 0.9606401924791933
  },
  "metadata": {
    "generatedAt": "2026-02-05T07:22:30.729Z",
    "seed": 690411805,
    "variationSeed": 7290420
  },
  "layerOverrides": {
    "mark": {
      "scale": 1.8003367191647817,
      "strokeWidth": 6.902962923936062,
      "glow": 0.2889887095843389
    },
    "pattern": {
      "density": 0.4660487652598176,
      "tileSize": 74.42366035861133,
      "strokeWidth": 1.1000709536485704
    },
    "circuit": {
      "density": 0.1348726481361653,
      "nodeRadius": 4.004543901423245,
      "lineWidth": 1.6540998225817922
    }
  }
}