{
  "id": "social-card-sapphire-0195",
  "request": {
    "presetId": "social-card",
    "themeId": "sapphire",
    "seed": 645278215,
    "patternIntensity": 0.969486475442297,
    "circuitIntensity": 0.9737141136888946,
    "accentIntensity": 0.22700715075573286
  },
  "metadata": {
    "generatedAt": "2026-02-05T07:21:59.275Z",
    "seed": 645278215,
    "variationSeed": 1662828
  },
  "layerOverrides": {
    "mark": {
      "scale": 1.1994790289082933,
      "strokeWidth": 22.960055478829915,
      "glow": 0.6703255656502796
    },
    "pattern": {
      "density": 0.9958198073766287,
      "tileSize": 64.16422964733292,
      "strokeWidth": 1.9432659751937102
    },
    "circuit": {
      "density": 0.23283823734747167,
      "nodeRadius": 5.973770083847349,
      "lineWidth": 1.0361776354425483
    }
  }
}