{
  "id": "social-card-monochrome-0556",
  "request": {
    "presetId": "social-card",
    "themeId": "monochrome",
    "seed": 968364238,
    "patternIntensity": 0.16132688529851236,
    "circuitIntensity": 0.27238038194942304,
    "accentIntensity": 0.7801502946671799
  },
  "metadata": {
    "generatedAt": "2026-02-05T07:22:29.517Z",
    "seed": 968364238,
    "variationSeed": 4550446
  },
  "layerOverrides": {
    "mark": {
      "scale": 0.7333841920985766,
      "strokeWidth": 29.086061280260825,
      "glow": 0.5759168627559752
    },
    "pattern": {
      "density": 0.3117791175897136,
      "tileSize": 107.0137977586192,
      "strokeWidth": 1.122472167304937
    },
    "circuit": {
      "density": 0.34901421081694506,
      "nodeRadius": 5.687319280434083,
      "lineWidth": 1.5822310452732402
    }
  }
}