{
  "id": "social-card-emerald-0138",
  "request": {
    "presetId": "social-card",
    "themeId": "emerald",
    "seed": 290802508,
    "patternIntensity": 0.5161894562263925,
    "circuitIntensity": 0.9888385538891138,
    "accentIntensity": 0.5522680285164472
  },
  "metadata": {
    "generatedAt": "2026-02-05T07:22:28.011Z",
    "seed": 290802508,
    "variationSeed": 1240304
  },
  "layerOverrides": {
    "mark": {
      "scale": 1.2653136256920703,
      "strokeWidth": 42.924933451192885,
      "glow": 0.43580093404082626
    },
    "pattern": {
      "density": 1.313029861921924,
      "tileSize": 71.29014017120477,
      "strokeWidth": 1.2192873958122392
    },
    "circuit": {
      "density": 0.5047549249626486,
      "nodeRadius": 6.94681740037483,
      "lineWidth": 1.5009784703147497
    }
  }
}