{
  "id": "social-card-sapphire-0212",
  "request": {
    "presetId": "social-card",
    "themeId": "sapphire",
    "seed": 69842338,
    "patternIntensity": 0.3496370615203106,
    "circuitIntensity": 0.4250053169322225,
    "accentIntensity": 0.22237479697092194
  },
  "metadata": {
    "generatedAt": "2026-02-05T07:21:59.332Z",
    "seed": 69842338,
    "variationSeed": 1797451
  },
  "layerOverrides": {
    "mark": {
      "scale": 1.1703911873839754,
      "strokeWidth": 21.421610124605525,
      "glow": 0.6490724566621112
    },
    "pattern": {
      "density": 0.7540663721291657,
      "tileSize": 63.97918941172733,
      "strokeWidth": 1.3645421270581624
    },
    "circuit": {
      "density": 0.5785665275894881,
      "nodeRadius": 5.3925623909535645,
      "lineWidth": 0.5958752632587567
    }
  }
}