{
  "id": "social-card-gold-0462",
  "request": {
    "presetId": "social-card",
    "themeId": "gold",
    "seed": 334781527,
    "patternIntensity": 0.3618587257162941,
    "circuitIntensity": 0.17826354511932635,
    "accentIntensity": 0.5753244462308122
  },
  "metadata": {
    "generatedAt": "2026-02-05T07:22:00.118Z",
    "seed": 334781527,
    "variationSeed": 3777201
  },
  "layerOverrides": {
    "mark": {
      "scale": 1.9118765599149636,
      "strokeWidth": 25.964413891064197,
      "glow": 0.18678226479644994
    },
    "pattern": {
      "density": 1.2037997607625088,
      "tileSize": 57.32682825407331,
      "strokeWidth": 1.1062462928734003
    },
    "circuit": {
      "density": 0.4077251048328938,
      "nodeRadius": 7.950255396752738,
      "lineWidth": 1.4675264363025904
    }
  }
}