{
  "id": "social-card-gold-0491",
  "request": {
    "presetId": "social-card",
    "themeId": "gold",
    "seed": 540611743,
    "patternIntensity": 0.04948854448715623,
    "circuitIntensity": 0.2690129579366245,
    "accentIntensity": 0.047378420851835246
  },
  "metadata": {
    "generatedAt": "2026-02-05T07:22:29.265Z",
    "seed": 540611743,
    "variationSeed": 4035711
  },
  "layerOverrides": {
    "mark": {
      "scale": 1.5045286272673537,
      "strokeWidth": 41.36793257499483,
      "glow": 0.4791284563388343
    },
    "pattern": {
      "density": 0.955527019805986,
      "tileSize": 84.63580372493519,
      "strokeWidth": 1.7560802703984455
    },
    "circuit": {
      "density": 0.5712305786419802,
      "nodeRadius": 3.7095885284755328,
      "lineWidth": 0.8238015176373541
    }
  }
}