{
  "id": "social-card-monochrome-0539",
  "request": {
    "presetId": "social-card",
    "themeId": "monochrome",
    "seed": 543800115,
    "patternIntensity": 0.7811763290228212,
    "circuitIntensity": 0.7084062102755561,
    "accentIntensity": 0.3277328015899904
  },
  "metadata": {
    "generatedAt": "2026-02-05T07:22:29.450Z",
    "seed": 543800115,
    "variationSeed": 4415823
  },
  "layerOverrides": {
    "mark": {
      "scale": 1.5090652708937717,
      "strokeWidth": 23.38453651330645,
      "glow": 0.7154829028600282
    },
    "pattern": {
      "density": 0.4128579140235008,
      "tileSize": 73.93842728991919,
      "strokeWidth": 1.6992219096046044
    },
    "circuit": {
      "density": 0.45573152320260724,
      "nodeRadius": 7.985895874903489,
      "lineWidth": 2.4542360314886253
    }
  }
}