{
  "id": "social-card-monochrome-0134",
  "request": {
    "presetId": "social-card",
    "themeId": "monochrome",
    "seed": 681349753,
    "patternIntensity": 0.08402347568609914,
    "circuitIntensity": 0.31432631626460994,
    "accentIntensity": 0.7411731485003481
  },
  "metadata": {
    "generatedAt": "2026-02-05T07:22:27.994Z",
    "seed": 681349753,
    "variationSeed": 1208628
  },
  "layerOverrides": {
    "mark": {
      "scale": 0.7608893514894365,
      "strokeWidth": 49.781106284251955,
      "glow": 0.7933542255281258
    },
    "pattern": {
      "density": 1.121674633408745,
      "tileSize": 88.05855992159739,
      "strokeWidth": 1.2331949475841573
    },
    "circuit": {
      "density": 0.6150166275515299,
      "nodeRadius": 4.288190365903168,
      "lineWidth": 1.5201630597096696
    }
  }
}