{
  "id": "social-card-emerald-0352",
  "request": {
    "presetId": "social-card",
    "themeId": "emerald",
    "seed": 822149779,
    "patternIntensity": 0.028374910367827355,
    "circuitIntensity": 0.1518309377840864,
    "accentIntensity": 0.42937111874547373
  },
  "metadata": {
    "generatedAt": "2026-02-05T07:21:59.773Z",
    "seed": 822149779,
    "variationSeed": 2906111
  },
  "layerOverrides": {
    "mark": {
      "scale": 0.6165541410988915,
      "strokeWidth": 5.31870141640245,
      "glow": 0.7367055389735409
    },
    "pattern": {
      "density": 0.5320226670391963,
      "tileSize": 40.806815927292604,
      "strokeWidth": 1.3367632333360442
    },
    "circuit": {
      "density": 0.5233175577704412,
      "nodeRadius": 6.785653116547341,
      "lineWidth": 0.8108701707380219
    }
  }
}