{
  "id": "social-card-sapphire-0961",
  "request": {
    "presetId": "social-card",
    "themeId": "sapphire",
    "seed": 380082845,
    "patternIntensity": 0.5795485976056888,
    "circuitIntensity": 0.3784444333885072,
    "accentIntensity": 0.4351413251995767
  },
  "metadata": {
    "generatedAt": "2026-02-05T07:22:30.944Z",
    "seed": 380082845,
    "variationSeed": 7757641
  },
  "layerOverrides": {
    "mark": {
      "scale": 1.7954565292668792,
      "strokeWidth": 23.45328689480819,
      "glow": 0.254174614070996
    },
    "pattern": {
      "density": 1.183093357497404,
      "tileSize": 112.7127814678069,
      "strokeWidth": 0.599326968239307
    },
    "circuit": {
      "density": 0.4193903417882465,
      "nodeRadius": 7.185467484027831,
      "lineWidth": 1.9706375605755662
    }
  }
}